0.2337159945333692,0.402892574969578
0.5570672681510366,0.9921062414540668
-0.05071873614677447,0.029310956391761955
0.0,0.0
0.0,0.0
0.026040163605019487,-0.03195549372016716
-0.019455542026500842,-0.07874626577348688
0.005876024121300485,-0.03316590057378717
-0.0222188420268101,-0.14788986565374995
-0.02732591553212168,-0.20000189097812696
-0.0051971345070868065,-0.1849728819454538
-0.07155231745244788,-0.3081816633201145
-0.01833524941348962,-0.26094231443442667
-0.07173305448263867,-0.23702365670615785
-0.09742462908402626,-0.21325665253557385
-0.22739288003657346,-0.2847618371517552
-0.2713261250915785,-0.16369896216933347
-0.34368868731997393,-0.09802349228751173
-0.43966408660192413,0.007842042088059697
-0.3889812603334465,-0.001873132044131788
-0.5240413308779628,0.16970027835197019
-0.7047056320307455,0.14462708644664507
-0.7018687769644295,0.08008358168646305
-0.7315493262793767,0.21899286462527448
-0.7116595730423627,0.24938360734338014
-0.8029533313319323,0.08459811571624086
-0.7410504810157549,0.1342583094353662
-0.7558176567455195,0.09989041160147268
-0.6194473606157556,0.10255073496033901
-0.6120424606803181,0.11747062846036907
-0.6204322140068842,0.05982946697714683
-0.5830395343907807,0.10196467640807505
-0.4940864182470176,0.16364885440268329
-0.5849587433207197,0.0679771616627891
-0.5960435512288674,0.04828217285053169
-0.6420862829190387,0.06829684408806955
-0.5638113357161648,0.009490393473771539
-0.6460594737876422,0.09129685526437649
-0.6322672830828758,0.1205466081706156
-0.6380065274486192,0.1163721492678514
-0.6978162319432621,0.0185803912319738
-0.6761348098832267,0.0734935575782644
-0.7078410246033169,0.09816298665483057
-0.720931407447335,0.06765356675230114
-0.7045903479665551,0.05405793479915462
-0.6214713073295302,0.050180772995476054
-0.6713692647279086,0.04391305499779359
-0.5850440477763927,0.10734149069512192
-0.5640207739734712,0.041115685098779595
-0.5670187719226105,0.07796099717355573
-0.5158020613037925,-0.02593155571519958
-0.5161886625003499,0.16588542882122254
-0.49177860508354865,0.13782855488051127
-0.6046819933847659,0.12160254838781095
-0.6357391074845715,0.03289060971662602
-0.6652672076149373,0.04912535457873737
-0.5746396175779446,0.06908357317914784
-0.7091720839721738,-0.03426499200145099
-0.5958826748486199,-0.004102532979035894
-0.6287239502560196,-0.012974839670531445
-0.5942992947748345,-0.029298241981534027
-0.6188396328740335,0.022833333455811344
-0.5871186683574472,0.034343146957809864
-0.62520421587794,0.027541279824704598
-0.6136538074918176,0.04769300247707835
-0.5773649148269717,0.020097344793939893
-0.6128817903009562,-0.036857568332609475
-0.628725135901293,-0.01479112573654391
-0.5805996170389769,0.04686952010475574
-0.584983098021804,-0.047086368619899135
-0.6328760094979075,0.03987388568728118
-0.6314850858082206,0.09841096589242496
-0.5731781171965864,0.15035073392570952
-0.5810186240699972,0.17628824672930699
-0.4847005866391704,0.14154803076413247
-0.5702598494580032,0.2708442661070533
-0.6050443912015847,0.24074360983718981
-0.5429916893338108,0.13377682680978145
-0.6046547336520935,0.16895923192389592
-0.5952318756746616,0.1397164600141484
-0.624991354895974,0.024988127853866456
-0.6034096629536969,-0.010222476684448084
-0.604179495987812,-0.1467571615140157
-0.5934054319211928,-0.17275021392754666
-0.5010911832798391,-0.10677462109141911
-0.5650459577443294,-0.22177323851924727
-0.5335401799224486,-0.23269887018813412
-0.5964174539743404,-0.14131449694809045
-0.5764854621145812,-0.14179298124772372
-0.5335848193923024,-0.1514043200795065
-0.564772391626723,-0.08090433945585758
-0.5742287896133986,0.10938848546696077
-0.539736109601642,0.08721122271525097
-0.5527918771518452,0.13309260082779473
-0.5468487319871635,0.2260751323235764
-0.5111125533935176,0.10929484914635766
-0.5470937380086236,0.08003224763788495
-0.4641156798376103,-0.025427662072044593
-0.5657138832188133,0.10500235968140278
-0.6004578894171733,0.02370294640063356
-0.5583628669296096,-0.054911921984239935
-0.5235131720644345,-0.254431502575076
-0.4929617441942623,-0.21739648390437244
-0.43878178536283113,-0.20594023624700486
-0.3986833733588281,-0.23787705385517258
-0.35248436906816555,-0.22592664688984124
-0.310904583455484,-0.17083056833379368
-0.2893390589878018,-0.13942939776254284
-0.25182904294258596,-0.16083281726736787
-0.26119653426924727,-0.03814142462711208
-0.26088036991310526,0.0023647809882729374
-0.2435582930900507,0.06401828616928136
-0.23453674303187683,0.11814473623212277
-0.2262003024788864,0.1648784514451091
-0.22886833156447065,0.11267189465419829
-0.23409601768518215,0.20327061418081685
-0.20901783506090924,0.17256192369467663
-0.16156073386110326,0.18668676690834118
-0.13209444514679108,0.11864049325552369
-0.12823971641944884,0.21333792534121568
-0.12038584356444725,0.37096637447867836
-0.10599558231265892,0.02505098228138551
-0.09790431362583532,-0.007997645636045285
-0.08945251733904035,-0.07861247546342391
-0.093017921409669,-0.07253692397779278
-0.11296811052738646,-0.12617153576421516
-0.1111511905860262,0.14030087622758017
-0.17719616928058982,-0.11064148114931562
-0.19162388198486313,-0.1764500979377343
-0.2363661512220255,-0.10110259122875935
-0.22237461926511057,-0.15613285895243234
-0.26466953199256016,-0.023374405965781254
-0.2846252016211401,-0.032428174302645406
-0.24653614288724968,-0.1731919967497711
-0.23767332686265802,-0.06538966584940803
-0.21415760617442944,-0.021659897927461667
-0.17614839062043927,-0.005799984051765118
-0.12952368592904676,0.02700793452821586
-0.030762695473829125,0.18139915842791113
-0.04353564840069097,0.057586361514374976
-0.002826742971542238,0.0283958108981469
0.0,0.0
0.0,0.0
-0.039510981970493034,0.04201966308624404
-0.06556645766067777,0.025827123045262235
-0.07057137470185805,-0.02064497948708535
-0.08602623521489344,0.010236260506258464
-0.09939441899456572,-0.05541041100190314
-0.10100671709091165,-0.057202825172744984
-0.1159013320932746,-0.12115547096356799
-0.10060111762255024,-0.11185936325123953
-0.09248232406857367,-0.09530262666757512
-0.07253754936453351,-0.0469277854145064
-0.06259100692536664,-0.039653798840516084
-0.025386860006932622,0.008481252949202503
-0.04616575116000777,-0.03863501503241534
0.011123939252411005,-0.1901905073370378
-0.03465752939167652,-0.018026168086628266
[nan],[nan]
-0.032308629091885394,-0.008578650411168393
-0.04545401468680312,0.015418636850825979
-0.06107684410584323,0.04498260045574717
-0.03855675235381943,0.014556261502204904
-0.04140169804651879,0.003911879527759839
-0.05189382147684016,0.002000663742675634
-0.053214716746145974,0.0017133139148518928
-0.051124975373381155,-0.0027626840408129243
-0.028415644566206984,-0.02720175955865767
-0.027955804267005113,-0.02916555485821829
0.0,0.0
0.0,0.0
-0.025818525133541173,0.03992293376794032
0.008940978530965628,-0.024064829847771453
0.0,0.0
0.0,0.0
0.0,0.0
0.0,0.0
0.0,0.0
[nan],[nan]
0.0,0.0
[nan],[nan]
0.0,0.0
0.0,0.0
0.0,0.0
0.06630102004430864,0.10092437546406235
1.051764063566665,3.6049258300765126
-0.06022802299645763,0.0394957861178238
0.0,0.0
0.0,0.0
0.0,0.0
0.0,0.0
0.0,0.0
0.0,0.0
0.03898593573545383,-0.003350298155688807
0.03879811400208779,-0.0042691295555284565
0.041165603614059285,0.032891052128834405
0.03892940257001288,0.032639507768260315
0.037605098790030295,0.027733053689492942
0.0,0.0
0.0,0.0
-0.0011638993590297334,0.027140835636081197
-0.001510776951995154,0.008892419710570521
-0.0026786409100141672,0.01910485236048705
-0.007567885254060403,0.0529799597694186
-0.008380067195532071,0.05438510965767561
-0.011129734842992782,0.052304394355717515
0.0,0.0
0.0,0.0
0.0,0.0
0.0,0.0
0.0,0.0
0.0,0.0
0.0,0.0
0.0,0.0
0.0,0.0
-0.047059912191609155,0.02500719392482762
0.0,0.0
0.0,0.0
0.0,0.0
0.0,0.0
-0.029240731045354126,0.047956926930251276
-0.005000004492637745,-0.010489718612550538
-0.018592312101158432,0.025814157240465672
-0.027770711178137817,0.02646526637316421
0.0,0.0
0.0,0.0
0.07573808864571827,0.021292834260236954
0.0,0.0
0.0,0.0
0.0,0.0
0.035560616268667265,0.0741982659085061
0.03383325201894033,0.07791391950964989
0.029653847752687878,0.4952123217660661
0.08964359880840844,-0.6935192768796012
0.0,0.0
0.0,0.0
0.0,0.0
0.0,0.0
0.00317405271707257,-0.3921390947506474
0.0,0.0
0.0,0.0
0.04030480835768822,-0.6889577811430087
0.0,0.0
0.06340573125676846,1.0112962977211277
0.004691492181569653,0.1504887139162945
0.0,0.0
0.0,0.0
0.0027570953750305307,-0.0011594696215532592
-0.07000103136922366,0.04770298278650566
-0.16727489256839997,0.11521240630737985
-0.2505137451190383,0.17276423942378105
-0.40051405660148504,0.45437742499104794
-0.5394285365481188,0.21684512993777946
-0.5769458923031887,0.18731808320095156
-0.7075418139869062,0.18561804350899047
-0.808125872265674,0.06702410617630326
-0.7983535903817027,-0.015543434221545062
-0.8596795531202246,-0.05693208866508022
-0.7576632760769719,-0.047941601570011344
-0.8097642141547984,-0.0846023078619578
-0.7503387827895898,-0.16695475078042596
-0.6712458233284149,-0.16758930023173293
-0.648125629714898,-0.10275546116599034
-0.5927551756346169,-0.10295832873682975
-0.5901196368377266,-0.020298594535068902
-0.5704087984790744,0.06640161937101562
-0.4914040557161571,-0.03329724680636156
-0.6107228884086904,0.10997790791635147
-0.6141317895094136,0.11939559853426852
-0.623252332045957,0.09390534167900264
-0.5747404332432657,0.03651429162197835
-0.647912106286017,0.08464914806736988
-0.5681627127909771,-0.043320364870671035
-0.6544321673220235,0.09083815073172703
-0.6197839520916686,-0.0474662643163676
-0.6958352158943956,0.1702791238789683
-0.6067548877614618,-0.08565836753853935
-0.6138125456310957,-0.040689343869406064
-0.6414734191120518,-0.055426146049377394
-0.6489456484782021,-0.041987632433541845
-0.6401714820561217,-0.00295901323493179
-0.6301673665643657,-0.007121908443866378
-0.6450900712088782,0.011640694371496025
-0.5821774258309169,0.016567530333045914
-0.6246430222071037,0.02675425848487689
-0.6125067313287259,0.041557890892762246
-0.5936478544687673,0.04659286552493004
-0.5981109588481994,0.026642576283724895
-0.5007287603261757,-0.0046604184436913965
-0.5124405267723966,0.019457981350414058
-0.5533207777618189,0.0027135937536224
-0.5288030704496527,-0.04058697421187031
-0.5177834933415518,-0.04437632420931245
-0.5165395637275972,-0.054816599589250004
-0.5362790284045116,-0.04837109054876662
-0.5177901184355258,-0.07174791364903674
-0.5528986863987528,-0.07089994487987733
-0.5406404323416866,-0.05971735009764959
-0.5178727161533934,-0.08239355081640143
-0.5723156190540946,0.034571623265690056
-0.5946613108142779,0.017568863525516447
-0.5415709631092133,0.07975778870122598
-0.5723069747004237,0.06251664819654802
-0.5975384516131433,0.019921853062901267
-0.5957499446914036,0.04919720777956337
-0.5365572667819586,-0.008160745498880831
-0.5687848983443884,0.029287332387105992
-0.5361955152450446,0.04323473209216777
-0.5518282958801518,0.0432524697954564
-0.4673578565419368,0.05331527178306584
-0.47634501763288845,0.09067362751900035
-0.5351319378001144,0.033699956933281594
-0.49263865055528544,0.040134658050020415
-0.5442458857084495,0.052780508225391494
-0.5400326137779887,0.0572379041905505
-0.5378843365451306,0.09470084364386136
-0.5709149377885709,0.0660600423629752
-0.4900678567641984,0.08080619907524832
-0.4967352029845325,0.014450354167257099
-0.5349615973041206,0.035532925339793096
-0.5000654037850478,-0.02060179006846396
-0.4918971466821233,-0.002912099175256817
-0.4548769377080017,0.010906452209662621
-0.5006099927771945,-0.01152179220958301
-0.49288289250849027,-0.04017987148209026
-0.47617933113399397,0.03246111956513325
-0.4824158466554661,0.003424905996563449
-0.4879135468510299,0.0014669629145063646
-0.4372749815756344,0.011594574753682932
-0.5607946387774176,0.14431111519303563
-0.485797019658928,0.028996878562615687
-0.5705069759405134,0.12456742714487562
-0.4976843656861166,0.22742939098157017
-0.47347439778850886,0.05515648125981198
-0.442986097036422,0.034826775103208946
-0.3330850687221758,-0.16077224923286185
-0.38631897842911705,0.004607259559418539
-0.3557025399937437,0.046650510613622354
-0.24530663732609045,0.04115856489197596
-0.18409121715596122,0.04809945140229246
-0.20796511518045982,-0.10451778971989084
-0.28066836243894083,-0.06016019661727875
-0.27159487239013663,-0.10163318057605919
-0.182604076120759,-0.09392700545703968
-0.14705357707088318,-0.06643854751736376
-0.1932082326682982,-0.08099072054065412
-0.1596494153015403,-0.22465640132375883
-0.2209873388854303,-0.19252673954482724
-0.1956711238993724,-0.13861055784640552
-0.19213949196442306,-0.1915221939978369
-0.26379290154665747,-0.034282388659738657
-0.23779272958980116,-0.16126362385374549
-0.1912623694159181,0.00461261617564671
-0.20587840995304052,-0.3476217272776328
-0.21034294895222583,0.011897575437884965
-0.17029416961446872,-0.01879370811775125
-0.13395979454369816,-0.035530541676428794
-0.11333073531258929,-0.08414221473185979
-0.09915786225615854,-0.10183569203625834
-0.11916486754090169,-0.08390620646706154
-0.13372065076326792,-0.10749251258094593
-0.13673295077823422,-0.11655991455114334
-0.15304631869179092,0.002412248582725129
-0.14505788432864264,-0.1378354865179743
-0.12445760152278554,-0.04297776362024534
-0.11018973039920622,0.01501368675642819
-0.12382776363579165,-0.020253809509565242
-0.1288856435802385,0.035347185439642624
-0.11978394821762697,0.014882597111920122
-0.10712003798096238,0.10087495831939527
-0.09938897357922172,0.10112167532543255
-0.1176210905027288,0.1173997518477315
-0.08056973464237886,0.20446422990423424
-0.11977253051818362,0.11913276970170487
-0.10405554016687506,0.13689321818018876
-0.09105272044263499,0.058385013299652
-0.0843953887756167,0.06111572790350861
-0.09234133319524448,0.021297635205488653
-0.10347983790383149,0.10222227899938836
-0.07160533131170316,-0.029462369327792576
-0.03504613450596208,-0.15509054105513284
-0.022615377500860078,-0.07451966583860631
-0.038486396074888955,-0.006735783535057835
-0.03902747854590416,-0.004321156208761295
nan,nan
-0.04345300387666841,0.1279184230766727
0.0,0.0
-0.001980905573343513,-0.003677895635642661
-0.027451234108641878,0.0440123540629108
-0.042299433875151046,0.08988382049362371
-0.037959146172784224,0.05341236720229517
-0.038255336110966015,-0.008318447888637554
-0.00994106332196163,-0.06507457581326803
-0.006107884772208105,-0.05456384422657796
-0.0030440232747060026,-0.05161292372773099
-0.00588141359174817,-0.031876575731195296
0.005121129056773303,-0.06447090164862225
0.02568951948558719,-0.06517528787619867
0.02742267961183314,-0.057525672261989465
0.04429793661444695,-0.07079372350087827
0.02528300928681159,-0.027232927483896538
0.0,0.0
0.03170540264674355,-0.04930821879240368
[0.0],[0.0]
0.0,0.0
0.0,0.0
-0.0341288471914169,0.041540114840415206
-0.03188801176744224,0.03668376129431062
-0.03370687178559718,0.030527916022910054
[-0.030946954838762836],[-0.02379121600066898]
-0.001864364736419479,-0.060114797092951616
[nan],[nan]
nan,nan
0.01626185274059336,-0.05385195328069302
0.0341596703322694,-0.029303184178411264
0.04552594891126967,-0.040908456257146376
0.03806982680169369,-0.016776449616404204
0.043542141549662586,-0.03667049650914374
0.0321750824453204,-0.025708821566701855
[nan],[nan]
[nan],[nan]
[0.0],[-0.0]
-0.039308560469969174,0.00515135496756119
-0.049227667646493584,0.03218610835354018
-0.1110277007665416,0.07742627720618624
-0.27497161409154947,0.13459560302666979
-0.368036927927251,0.2280722498678445
-0.5257365941123369,0.19570476579943838
-0.6817785709729245,0.1565943144083702
-0.7327078224083963,0.10514718923610866
-0.7377897736938079,-0.10071149121286081
-0.8556272984322338,0.09025102268058587
-0.8965326810114705,-0.14108453869353407
-0.8186051453068294,-0.40632463541753105
-0.7063228347417436,-0.3912701708311514
-0.5921546825531852,-0.4257399958773443
-0.5409342324953941,-0.6104354510337012
-0.47869614634353175,-0.6371876938116494
-0.5258084580786303,-0.3946953517347186
-0.3698097900183195,-0.3455283322244836
-0.3284346201463151,-0.2503509024606139
-0.26865856814351624,-0.15406652706569546
-0.26460842449141025,-0.17116237521610875
-0.3387579088256668,-0.09517968106373066
-0.31935914714289537,-0.05436548219889175
-0.368669277363089,-0.002885625809538033
-0.3919059240072344,0.0507437394579113
-0.41423397117679295,0.012715466358063567
-0.49221887721261176,0.250123798641221
-0.46735239226155123,0.21200907398145252
-0.46464153527548535,0.01759685124384754
-0.4773615822831977,-0.03924105464736482
-0.4215656866718084,-0.04828781797345623
-0.3463820436191507,-0.043295449186644
-0.3246794839545512,-0.13494575890300287
-0.26734976328182325,-0.04663082841190873
-0.25100789092494397,0.24420973897086165
-0.18418731039050984,-0.08525602514632424
-0.14440860319402526,-0.04324738624432687
-0.12573593537343652,-0.030277311425348744
-0.148790015335467,0.07518071976615764
-0.1407720026226115,0.07927496652936276
-0.14068379550442708,0.0986856776341478
-0.12879600791751752,0.11748218642828841
-0.14151298919305036,0.10133109540380202
-0.21468614791243326,0.16403952292739593
-0.18585999374658288,0.11294548130326776
-0.20689271457492622,0.12701255517203072
-0.2119421062191923,0.1399758254043546
-0.17176796679910425,0.12850086296829205
-0.20215574852888885,0.05980772142937708
-0.1755263569718669,0.0033674625501882516
-0.11039169354507185,-0.016078197378472617
-0.08764267479023895,-0.0381296062757432
-0.1421323976813967,0.6181656950646404
-0.17893199007623461,-0.17496446504214935
-0.07726980269415137,-0.0315048987729217
-0.059291958935999485,-0.051712626243991394
-0.09609974585317421,0.2541808974811124
-0.04793982086373503,-0.07654185572871011
-0.07434708210262993,-0.053462505385688676
-0.05482322202454265,-0.10329082873136024
-0.0843579415251179,0.06717399829520962
-0.12520691009250842,-0.005902293692519986
-0.10553856076687576,-0.044711265857793815
-0.12468645394433095,-0.011348839308932473
-0.1875186546694814,-0.0063748970525738784
-0.12458448068030477,-0.07527083769421211
-0.19717776716553462,-0.007767016210803219
-0.2679881523634864,0.06492093935174438
-0.22366324175005883,0.03478447210050964
-0.10243894733136552,-0.11558849272389878
-0.1993744394760431,-0.010986896310491226
-0.08516188101647808,-0.0005888987606235507
-0.07913704130252577,0.05247065424020098
-0.11549455157446112,0.4338675174754128
-0.0742870559566064,0.0585946949345203
-0.07323216152853465,0.054274012662130895
-0.04597505460506681,0.011855941981761847
-0.08340458416689873,0.0900676187520467
-0.055719910849644005,-0.05958814857475321
-0.09900784366548117,0.45798121274838993
-0.07557212961249064,0.01978659896739272
-0.04409865719976351,0.05465913165456017
-0.07728730252744899,-0.01318718608557617
-0.057282180393168645,-0.057038366515991375
0.006147672705621967,-0.09711584630945652
-0.029417453483963796,-0.10616915343427273
-0.07224009680442624,-0.031060406553407097
-0.004898672476685653,-0.010086007872400165
-0.023058747580352836,-0.04944036049840081
-0.05423150480292029,-0.1075231459035788
-0.039692326106549304,0.024964292292458168
-0.09233846628977736,-0.12578278559572004
-0.02914990908556907,-0.007521270069402419
-0.06913321735929512,-0.03820500875243608
-0.009163283122291598,-0.02926626091721303
-0.06349069793680996,-0.04674392381447683
-0.049854885229696,-0.03778536886969777
[nan],[nan]
-0.03916210909030041,-0.003709763062056433
nan,nan
[-0.009894916157221927],[-0.3121018175554664]
[-0.037823769092493756],[-0.011986824472313317]
-0.021412526811282362,-0.04401045712793449
-0.023923457976996618,0.027497383172716643
0.36172401723411773,-1.1019398914772178
-0.01609925296221017,0.011549425025123164
-0.01610050141411649,0.011552837267224432
-0.007948900755931,0.014138178840381307
-0.024366765518523903,0.047674994944693
-0.026974310587355367,0.046710626613116125
-0.1870073520139539,-0.5683556776894677
nan,nan
nan,nan
0.0,0.0
0.19971229096967436,1.0723572373898071
-0.049131029692897066,0.07216448874983725
-0.1503369947301662,0.1478661680532026
-0.28254736540240727,0.17632196723585064
-0.429499197015972,0.2931827135287673
-0.5640119451973543,0.3448607589051131
-0.7148695231623291,0.40148802390801874
-0.7553438132512732,0.32296653807076947
-0.906281116343641,0.42423196665664564
-0.9596526136590211,0.3796305038676193
-0.9432375932584675,0.30588271614129997
-0.9727013033562246,0.2077828113700958
-0.9011368279016514,0.18400181574892294
-0.7897810396284304,-0.0642610313207902
-0.7315920720412579,-0.03466912410035382
-0.6953012393045375,-0.0001561797502369627
-0.6345804365494858,-0.05654179275806782
-0.6489508839857283,0.006188067342854058
-0.5994370589473285,-0.03630406734395092
-0.5585587217069707,-0.023350521509712938
-0.5972049543752341,0.035518823110887554
-0.5890272012646139,0.08935628055223979
-0.6081680569341974,0.04473536475888678
-0.6265297362023231,0.11155274236147801
-0.5641208294713533,0.041081218234003444
-0.6280502004270312,0.12395961784567222
-0.5292835121617939,0.00969923219726019
-0.6680512049896105,0.03050534450856587
-0.7410827739469743,0.005980217092028028
-0.6738477972272581,-0.06573488010252673
-0.6695304864943781,-0.07756888986595038
-0.5849630508087557,-0.12243947650190783
-0.5746704162438828,-0.15293009527390755
-0.559873144099712,-0.22025445273311528
-0.5462532385848641,-0.2423621100494205
-0.5108828932210245,-0.14230331118656941
-0.6231340516345146,-0.05155200236638983
-0.6082232461066016,0.03852556843426479
-0.5455628749350492,0.003812230967114796
-0.5440544732504276,-0.021156152590768935
-0.6444635613566324,0.16138693960687983
-0.5978621817129234,0.08951026544479374
-0.6394593698639538,0.19628427041198182
-0.7171035073670191,0.26840468484661456
-0.623255533990931,0.12881274602916964
-0.6774010285113721,0.18191798070880044
-0.5693122532773465,0.1411899629385151
-0.6619307065571054,-0.04480798963023164
-0.5511607691170682,-0.12240895592957175
-0.48925866115275046,-0.3625289405614361
-0.5637095843705238,-0.2373221642574003
-0.4502438780674616,-0.26569272691585816
-0.48049475148637283,-0.34139609096750184
-0.5259198034482719,-0.2947146995191405
-0.5096988974906931,-0.24249910101476196
-0.5344598774461622,-0.2240823611208547
-0.5577394017207129,-0.1340861009518869
-0.5018214569426936,-0.05207565288164316
-0.5409317099205018,-0.08793261087645865
-0.5784483091599738,0.008735099407082603
-0.607861905261508,0.13694254077502702
-0.6331153210812437,0.20731430958408872
-0.6076952233203666,0.1665078425399328
-0.6166262425046738,0.18502305164325905
-0.550272185979435,0.09419080132775962
-0.5802842257349794,0.14289819696043923
-0.6027073530403246,0.1514886921864317
-0.5305647055975916,0.11162469880097114
-0.5789470524730699,0.11226616182986507
-0.5241537931373029,0.05356930046362923
-0.5112175049559309,0.15293009620162107
-0.49872095300133046,0.13005311195829533
-0.47269226456663715,-0.07780978150466845
-0.565773610420642,-0.0376093237396317
-0.5417904432565249,0.13462018557276909
-0.552160223969637,-0.11671199210909558
-0.5352056421471658,-0.18290052927754546
-0.4217467282387324,-0.13450576068483572
-0.47640451747008133,-0.012428748216871262
-0.4862723806241278,-0.10142649924277745
-0.4333068652511248,-0.14466309233826777
-0.4107537986213623,-0.13157270903476703
-0.3267737942097485,0.008007303707568485
-0.2980635832878006,-0.06726563936828003
-0.24020027015547252,-0.12187941826922274
-0.31517423226992997,-0.035401776674369244
-0.2724132634143673,-0.03983243714591609
-0.27092071349612923,0.048998677977971805
-0.2960942340166437,0.07465662756779776
-0.289907817570931,0.1348699205879181
-0.07729916286802012,0.24221422827631214
-0.3054984929345583,0.1756532572541128
-0.28684226292410836,0.0873034040579531
-0.31971461416770175,0.034031245940222644
-0.34512082324409044,0.04484539026032978
-0.3461148851770825,-0.04239041893636404
-0.3274021657599081,-0.03528535013652686
-0.31846620798366626,-0.08760550268372427
-0.3102312294297187,-0.13868048751831832
-0.27838814541653084,-0.17794288368041825
-0.24532134970172273,-0.19609604005451714
-0.22215078010022046,-0.2179431219842991
-0.17161854603253038,-0.15714095370624806
-0.17165141549818363,-0.16100110065418555
-0.15148426279842842,-0.1177547797002048
-0.15795326602442933,-0.10329191923587752
-0.16261171297504842,-0.100153482600344
-0.18275074948920636,-0.08008063694747393
-0.16930953585135347,-0.021475505798482834
-0.20284256661974176,-0.032678139368677875
-0.23793250010861244,0.014677600738287706
-0.2307875193177966,-0.01765498316490243
-0.21198449371216083,0.005597095582755219
-0.24588558196912724,0.0011686970932268195
-0.25695285478600854,0.043375169845688434
-0.20968967990907988,0.05598253471911849
-0.136875157742142,0.05497447342974812
-0.12925079154487482,0.06540326137536863
-0.08749236087511468,0.06089901914579475
-0.007572495837264986,0.010737709395541134
-0.037385174659357076,0.03428292120042458
0.0,0.0
0.0,0.0
0.0,0.0
0.0,0.0
0.14548278056951044,-0.21560842162446514
0.0,0.0
0.0,0.0
0.0,0.0
-0.9151000238959708,0.019708549573718648
-0.7147698254194772,0.8844702475169907
-0.7770412277207783,0.8720083829073862
0.5096962957680959,-0.7688091117825203
1.7492511284490178,-1.3331969522417606
-0.11048988838455717,0.08233505031475512
2.776619891809838,-1.9825777627679624
2.2749197496505245,-1.5016065998630916
0.46372283112501983,-0.21505842770527803
-0.13919395889996494,0.07026721052351234
-0.16784037575890362,0.09245602788507833
-0.11011133730642603,0.0060529449454512245
0.6059837695153674,-0.18089353304511382
-0.11387119972844498,0.08162094101747137
-0.07807997065426736,0.0034047491588885866
-0.040910175842640624,-0.12105732576843692
-0.03922080453494921,-0.001292879839923002
-0.03586523169294533,-0.021727807696346024
[nan],[nan]
0.0,0.0
0.0,0.0
0.0,0.0
0.0,0.0
0.0,0.0
-0.018692445601960674,0.0269159237314722
0.02678178006189851,-0.047910431269920194
0.028796162380601648,-0.03605307770236494
0.025549560445176422,-0.0465537190580496
-0.0008221520264041995,-0.013145528248896029
0.0,0.0
-0.030183992118681877,-0.0208208111458211
-0.03917894347757959,-0.007933132657186166
-0.05800576302973185,0.005345060570353747
-0.09004325081456924,-0.11951455476741012
-0.12814794066580745,-0.17476135248093286
-0.04353003421639455,0.002399882669221626
-0.0423217000403336,-0.04803719193004086
-0.06493154892819117,-0.0049183084934287715
-0.021108539728529708,-0.010495674529251991
0.0,0.0
0.0,0.0
0.038423794731786386,-0.011841868430474245
0.038699673172309546,-0.011023055003757623
0.03924597573687725,0.006323434198240994
0.03942449956856417,-0.005069187214273899
0.0329491976600705,0.006998003803146935
0.044886917317578955,-0.09420411447639138
0.018549180607878593,-0.07517490083458941
0.013095361429672013,-0.1038862782177417
0.01313639403198034,-0.04437111320806608
0.0,0.0
-0.08729188906049384,0.05886680872848283
-0.20135632109979046,0.11221522341136199
-0.33637361132933813,0.2177786917683139
-0.46654659982671187,0.27922973312834176
-0.5668232558830717,0.33460272043604417
-0.7016906126249237,0.4005192337898131
-0.744846267996993,0.37349138035954543
-0.8563698697859013,0.36081643452804374
-0.8518441524100481,0.1870210806488318
-0.9088022592422599,0.2154273753712614
-0.797157697559084,0.22348282308176934
-0.7491841106331271,0.18785468602729657
-0.7191183195251603,0.18249687868315081
-0.6306248956648871,-0.0028461532259783447
-0.5333870215429134,-0.14209782354566522
-0.43659898433598693,0.16209057148881212
-0.4376576885343948,-0.008633184174580654
-0.34690398194849936,-0.05891129140875943
-0.29379390179079423,0.00991650194376192
-0.30846099907770014,-0.13994234720393822
-0.2732004793987116,0.09825003237230484
-0.3350976378433492,-0.1754679999022642
-0.34547399962525255,0.11943806118534804
-0.30659392108351796,0.17030065956214807
-0.39627487474380424,0.12197661856389004
-0.32543642788282917,0.14714307817254255
-0.40934946859119387,0.15280322332296623
-0.4623781790596409,0.09176397687477979
-0.40584574955842156,-0.004603057240281267
-0.3677124819407027,0.039973277568244585
-0.34857348862868615,0.046454471137426956
-0.30385129379589687,-0.1625643370689988
-0.3192536981073918,-0.09011142420101846
-0.2919452039260527,-0.20781215772763625
-0.2131765246647517,-0.24802088392958266
-0.24688209519603768,-0.3500397490294816
-0.24417365323363954,-0.1629485889352214
-0.24269525106951625,-0.17500022676969856
-0.2722893717164837,-0.5296197781859532
-0.13342290940752688,-0.10859483963070166
-0.18239358662249935,-0.09221171182178671
-0.14591593263097277,-0.07293593745285464
-0.13354099339225917,-0.04557082900249258
-0.144499336150263,0.012130656906746697
-0.12176337068375856,0.07776416330862154
-0.10922947942712767,-0.07313961440627684
-0.1521664847542495,-0.2821798606289497
-0.1827805430705821,-0.08570932530182769
-0.17599768952050643,-0.1176594453529745
-0.16266124176361546,0.01217934610354773
-0.12149832498400266,-0.05466587584376043
-0.06209555438629784,-0.07167197941186305
-0.02959798569046857,-0.040520558170772936
-0.03930765072080126,0.004657296895988802
-0.03689932545693997,-0.04284269384718432
-0.03769005171138594,-0.01901257416782995
-0.02949544215714652,0.015200973561839224
-0.07034330427344376,0.30341902476206223
-0.07075144911490641,0.10453202877190874
-0.054236474989752995,0.03867181443741292
-0.042279340856630605,0.02908616109610707
-0.06765374113365492,0.039812006506404624
-0.07790399392583082,0.007069138799395355
-0.08168913270333578,-0.031981421754280606
-0.08078389842107643,-0.028430966887303788
-0.09574451279457652,0.02612000313234707
-0.0781492636240832,0.024661125359132306
-0.0718535740887729,0.05429247173817652
-0.06136718810671677,0.0871337678699072
-0.07335109588735073,0.003170641015462012
-0.03367835882824791,0.0034301269104356057
-0.03886594170476651,0.05231936505534606
-0.040111628058737026,0.005535613592492207
-0.03222585100066184,-0.03493155575791373
-0.0409136811629569,0.004515295177934068
-0.043255573803669574,-0.021013810839862073
-0.027443524221894215,0.04293623339926063
-0.032620956785578935,-0.06107924309688277
-0.00984109554642898,-0.034912171060543076
-0.09251631858496505,0.05032591432763169
-0.06163071055935162,-0.05337061293198071
-0.03110123377546016,-0.044083310716768485
-0.058911145174066835,-0.05086564176444057
-0.06270712938020463,0.020799167469840653
-0.07744008988056188,-0.041429849227984046
-0.055648898540622875,0.06377207143591745
0.004734958317930631,0.07944424082104486
-0.024939172903561294,0.048453977497436254
-0.002834893549221812,0.00845395477584562
-0.016104969258806917,0.4184951954566413
0.026702499612546313,0.5888099578374557
-0.03976620319993363,-0.023382306294162797
-0.03823639472857604,-0.058508700646782326
-0.038681841538690726,-0.08863189672892133
-0.03358878016570211,-0.09190582702865673
-0.032262267933095314,-0.08013404729783473
-0.02872692288420028,-0.11125397555736377
0.0,0.0
0.0,0.0
0.0,0.0
0.0,0.0
-0.00929196411383411,-0.015846799142429476
-0.033558801526663934,-0.007216918702598407
-0.039556407888444604,-0.003794495307896065
-0.03727192058753319,-0.011591216281987086
-0.03687149937000413,-0.012808205380438678
-0.008500415467874155,-0.09028819672633899
0.0,0.0
0.0,0.0
[nan],[nan]
0.0,0.0
0.0,0.0
-0.03916608255697915,-0.0049678481815058845
-0.14059677811936835,0.07189988385417734
-0.2500049033080088,0.13270176588177912
-0.3561456414479235,0.12304530073538493
-0.48093900613896645,0.12463501324772644
-0.6719820668131079,0.23623382873404025
-0.7282441405575257,0.14278807698928728
-0.8792793429877281,0.20077715267574803
-0.8982304399191731,0.18346387089917524
-0.8936708416358964,0.08230436225540022
-0.9755686820096053,0.1800226576965673
-0.9089446189105079,0.12807400311395062
-0.8220209723476358,-0.0032957554020603035
-0.8115710267212808,0.0654743608401387
-0.7735440354041928,0.09186431416285215
-0.7224824444406668,-0.01305805095089261
-0.5908789592181186,-0.10503281242480049
-0.6245047892021635,-0.0930781718247989
-0.5650874796850343,-0.09948695417111317
-0.6330828704855941,-0.10395900118097659
-0.6019694705560344,-0.20809691483638976
-0.6352907836347879,-0.19203829455020055
-0.6670607096840433,-0.11732542328691006
-0.6279017945917029,-0.14007907651711093
-0.6766908468608808,-0.008388785235169526
-0.7614786769469649,0.015686935916304826
-0.8108399653813371,-0.020617464749926744
-0.7821070050499344,-0.0550014783469502
-0.8270466638065126,0.030025802107272917
-0.7694229258981411,-0.00013477644691168065
-0.7723643963289192,0.04093514536139542
-0.745625656270128,0.07018348218890198
-0.7279091609901455,0.049402335011830355
-0.6385449464730621,0.034862923374970343
-0.6456297025801571,0.02535303417069375
-0.649360721123076,-0.008669309701588438
-0.6123507891321753,-0.058761524552953526
-0.5748036934835471,-0.07013332363976456
-0.580073379535367,-0.04743425725101201
-0.6157107472328135,-0.04475278015130566
-0.6472722720810642,-0.0744104402846171
-0.6157472704283614,-0.013158922434596109
-0.7043262939454541,-0.01788308847161736
-0.6777221037755963,-0.07482157260635221
-0.609864110603113,-0.050916627752748446
-0.5882432819317143,-0.04966071554539328
-0.6464313201463383,-0.04707276651810656
-0.5325547224442029,-0.07411559352033761
-0.5996361260183776,-0.043766591529455355
-0.5477859984453091,-0.051539917918175596
-0.6130721525171346,-0.008688600078402454
-0.5784192031726294,-0.0004207642192196236
-0.5935790818664315,0.0009442339432734126
-0.5708044650146242,-0.028869210793420738
-0.5995016268437341,0.013504031112663016
-0.6312541573484713,0.06451203503457045
-0.692955345745658,0.14589450658812952
-0.6337828142303148,0.10094886696175039
-0.5804848084252622,0.08404378990589974
-0.5839350718891858,0.06107923661704
-0.5749799213452891,-0.000690578096123864
-0.5879801831701362,0.0393186144178162
-0.586130651086732,0.048867572797790436
-0.5247337560298618,-0.009720654597931828
-0.4926408694555945,-0.014066145930748064
-0.4485209927152929,-0.0028460075837425406
-0.43405043242450525,-0.02170836055637077
-0.5246238903844512,0.0023171998538795034
-0.465114500548948,0.010530871384199097
-0.4693574625694953,0.05858174268641298
-0.38154943731308366,0.018117384466568975
-0.44069310207532636,0.09470051098487207
-0.4691057674073264,0.12372973736784502
-0.39481831975058307,0.05468596597895195
-0.3623354527082213,0.036632299526694924
-0.4307552474197904,0.03499407462028322
-0.3432180556421748,0.027305625578591994
-0.3917388211414236,-0.003621256868919867
-0.34595344240126197,-0.0010626778420340726
-0.3233001058643296,-0.048629823496551844
-0.2718931944348159,-0.18335382117764418
-0.34643938828313514,-0.002270366899495796
-0.31701701239103486,-0.11512087367958548
-0.2990338473344191,-0.05954481891573283
-0.3389886688947468,-0.06524197183664399
-0.34008295973965424,0.13198926525310614
-0.3177613900524256,0.03298544567944079
-0.3271893755456631,-0.034336194822760055
-0.3481680696503027,0.20025194422842982
-0.2676156984247028,0.03742287667367601
-0.25589688299745666,0.10506668886529698
-0.23907844624614843,0.14006186869479675
-0.20279646706695065,-0.17728320211538
-0.14720672928919387,0.03826939717398023
-0.15619254303332675,-0.15214982452250803
-0.1846454453841807,0.016152298781578242
-0.17226300177505208,-0.07822379214191692
-0.17966957192082816,-0.04539502584048834
-0.18830250426065961,-0.04383659918706776
-0.14047059054717304,-0.0635801204539497
-0.1840036711614035,-0.021574027391706985
-0.1861817185174265,-0.1691037014883028
-0.19267197464456853,-0.062432932330138226
-0.1579136705059037,-0.10025170160607727
-0.14655799412673007,-0.050335510351473885
-0.1140033877639818,-0.13437252197094046
-0.12891766022223294,-0.08889558965077805
-0.07625677402104232,-0.08508196560423559
-0.08735358765551889,0.0013499893407162295
-0.04391405082298088,-0.04249050012251034
-0.03902740315756107,0.0006824481095811135
-0.03041720267475183,0.0798849956678203
-0.06720589874798746,-0.15117773421178016
-0.061087069426981146,-0.046243163324931426
-0.08550561655857736,-0.16164132167838413
-0.09709546361050807,-0.01954277092310945
-0.13794178381154096,0.05953267486657327
-0.12653081552759748,0.0492952993790026
-0.13440056081179377,0.04927532071900344
-0.12025655216968564,-0.059555560715325515
-0.10020184741543987,-0.02494207620339886
-0.134826931218795,0.07477685700288222
-0.08882504515397709,-0.03709058552940521
-0.09473891907975913,-0.010372201602670545
-0.0969642671575808,-0.010676524820052484
-0.04875096625902098,-0.010140192953762494
-0.009892522206866648,0.02289088041887588
-0.051889198574744444,-0.007628179438561845
-0.042825767621207614,-0.17693221498868314
-0.029087725235317923,-0.03282868674117871
-0.04216798229361789,-0.08282150309077277
-0.04490208496633237,-0.17369560346061533
-0.012021066737324705,0.012611617414856311
-0.07285763691533746,-0.1731818423266176
-0.05943371319909296,0.08639984467018576
0.001890019281825071,0.013359419031126989
-0.016429489193074045,-0.11000753189739379
-0.03372859658081777,-0.03358682478172424
-0.04366550411652759,0.016492547172792107
-0.03918996385672144,-0.0027844809479750246
-0.0390834150250541,-0.0026823941956428433
0.0,0.0
0.0,0.0
0.0,0.0
-0.010982838274239006,0.059622996304325465
0.0,0.0
0.0,0.0
0.0,0.0
0.0,0.0
-0.027933179845482957,-0.018898409358844362
nan,nan
-0.03445792421426596,0.03726954663902265
-0.015837648338900022,0.016877849601928167
0.0010249591499291303,-0.04097031644522575
nan,nan
nan,nan
-0.039595110340517534,-0.006343336789851102
-0.034781648327659814,0.04575569212861052
-0.03766391255375614,-0.06816593886141507
-0.034889071659303744,-0.07529992180511279
-0.02166030670986408,-0.08110734261078048
-0.010511601564696082,-0.09741242944007132
-0.0069510178499656685,-0.10526760572818868
0.005388663410827372,-0.047985665381398535
0.002596584289522307,-0.020608731879779085
0.011677836165526626,-0.059807756431070634
0.02068230827610605,-0.06287577124639628
0.0,0.0
0.10433725502775971,0.30036476084351316
0.0,0.0
0.0,0.0
-0.0383360892531698,0.00984697740429629
-0.03979525200436884,0.0012825632520970162
-0.03590040909808812,-0.018898802360147005
-0.03914246816072897,-1.7834883690955093e-05
-0.011542381729197655,-0.16231682032113146
0.0,0.0
0.0,0.0
0.03398997219300862,-0.06573520963295776
0.07061769711526937,-0.05898328501243136
0.07085233701427118,-0.041078080362320336
0.07966891428021163,0.00613085833581542
0.0903975968589971,-0.03106433822771176
0.08027472148158808,-0.0107103775976605
0.052208364892406794,-0.03945753540748411
[-0.051639271647293886],[-0.20063126853128935]
[-0.03746266102161897],[0.05077299763146858]
-0.03895175669658996,0.005027431937583229
nan,nan
[0.03920059482982964],[-0.005009090177333119]
0.03940346125297644,0.03737303251884243
0.0,0.0
[nan],[nan]
0.0,0.0
0.0,0.0
0.0,0.0
[nan],[nan]
0.03879675217133544,0.0042808906872463075
0.03683725673837128,0.02318377365471316
[0.03730008542571277],[0.08392519220785374]
0.040245403500006195,0.011190140032948668
[0.037343499028192124],[0.015801607633614313]
-0.023162645504765902,0.050258827978127175
0.0,0.0
-0.024815898504164546,0.030151017315371616
0.0,0.0
0.0,0.0
0.0024166541869101287,-0.001988816672896484
0.021841220265951547,-0.03247813035525398
-0.11913618932703735,-0.005428668903117619
-0.15111888262331394,-0.1266525196046837
0.006983690526379452,-0.08866972573452214
-0.07598433964939255,-0.0481244150666371
-0.21481855881089937,-0.1465904694434698
-0.050218821915400336,-0.03779703517393743
-0.016658960104192457,0.05964952247513414
-0.0021598607852722235,-0.027066698107799533
0.07600408073287528,0.010348544856539382
0.05342054976231192,-0.054633504552914186
0.09523169225128619,0.05071697563360004
0.06646489594965882,0.07204877646187816
0.03462236092120582,-0.019152213599212126
0.7579901845874184,0.17268983642918753
0.0,0.0
0.11654462887766948,0.1340909832633415
-0.05410305025509444,-0.12164285906533343
0.08636357183806202,0.003697573413666882
[0.0],[-0.0]
0.0,0.0
